Ticker,mention_count,avg_sentiment,total_sentiment
AAP,923,0.11375947995666305,105
AT,581,0.25989672977624784,151
IT,541,0.24584103512014788,133
OUT,325,0.48307692307692307,157
LONG,266,0.6240601503759399,166
IF,249,0.27710843373493976,69
NOW,241,0.2863070539419087,69
GOOD,230,0.5304347826086957,122
HAS,228,0.22807017543859648,52
MORE,213,0.19248826291079812,41
SOME,212,0.5094339622641509,108
GOOG,211,0.2890995260663507,61
BAC,205,0.5219512195121951,107
NICE,196,0.7755102040816326,152
TIME,172,0.23255813953488372,40
ALL,166,0.46987951807228917,78
SO,163,0.38650306748466257,63
AN,160,0.45,72
ONE,157,0.27388535031847133,43
BIG,128,0.4375,56
NFX,117,0.1794871794871795,21
AMZN,107,0.12149532710280374,13
INTO,102,0.39215686274509803,40
RT,100,-0.14,-14
LINE,96,0.5833333333333334,56
LOW,94,-0.0425531914893617,-4
AMID,93,-0.3118279569892473,-29
TREND,88,0.1590909090909091,14
TOO,88,0.22727272727272727,20
DDD,87,0.47126436781609193,41
CASH,87,0.12643678160919541,11
BEEN,82,0.4634146341463415,38
DO,79,0.31645569620253167,25
IM,77,0.2727272727272727,21
LOOK,77,0.5584415584415584,43
IMO,71,0.38028169014084506,27
GS,70,0.4,28
FULL,68,0.7352941176470589,50
AM,66,0.5151515151515151,34
RUN,65,0.7230769230769231,47
ED,62,0.3870967741935484,24
MAKE,59,0.4915254237288136,29
CALL,57,0.5087719298245614,29
ZNGA,55,0.7090909090909091,39
CAT,55,-0.5636363636363636,-31
NEWS,52,0.2692307692307692,14
ALSO,51,0.5294117647058824,27
ANY,51,0.17647058823529413,9
POST,50,0.36,18
TGT,50,0.16,8
PLAY,48,0.7083333333333334,34
MANY,47,-0.06382978723404255,-3
AAPL,47,0.23404255319148937,11
JPM,46,0.17391304347826086,8
PAY,45,-0.022222222222222223,-1
MOST,44,0.22727272727272727,10
SSYS,43,-0.2558139534883721,-11
MIN,42,0.5238095238095238,22
TWO,41,0.3170731707317073,13
MA,41,0.36585365853658536,15
FB,40,0.45,18
DE,40,-0.1,-4
BID,40,-0.1,-4
GD,40,0.25,10
JCP,39,-0.4358974358974359,-17
HUGE,39,0.6410256410256411,25
BEST,38,0.47368421052631576,18
BOTH,38,0.5263157894736842,20
CF,37,-0.24324324324324326,-9
KEY,36,0.4444444444444444,16
NG,36,0.8333333333333334,30
NVDA,36,0.8333333333333334,30
MCP,35,-0.14285714285714285,-5
YHOO,34,0.4117647058823529,14
MSFT,34,0.23529411764705882,8
BBY,34,0.29411764705882354,10
FLOW,31,-0.4838709677419355,-15
FUND,31,0.0967741935483871,3
HPQ,31,0.7419354838709677,23
RS,30,0.13333333333333333,4
FCX,28,-0.35714285714285715,-10
DATA,28,0.07142857142857142,2
EBAY,28,0.42857142857142855,12
GOLD,28,-0.14285714285714285,-4
GPN,27,0.037037037037037035,1
AWAY,27,0.1111111111111111,3
COST,27,0.4074074074074074,11
BIT,27,0.48148148148148145,13
WMT,26,-0.15384615384615385,-4
CHK,26,0.7692307692307693,20
AGO,26,0.5384615384615384,14
CS,25,-0.04,-1
CST,25,0.92,23
HE,25,0.28,7
FAST,25,0.04,1
PUSH,24,0.5,12
APP,24,0.5833333333333334,14
HOT,24,0.3333333333333333,8
OI,24,0.25,6
PCN,24,0.25,6
IBM,23,0.4782608695652174,11
CM,23,-0.21739130434782608,-5
DECK,23,0.4782608695652174,11
AVG,23,0.5652173913043478,13
MTG,22,-0.36363636363636365,-8
MS,22,0.09090909090909091,2
ONCE,22,0.2727272727272727,6
MAR,22,0.45454545454545453,10
JOBS,22,-0.7272727272727273,-16
CEE,22,-0.36363636363636365,-8
APO,21,-0.047619047619047616,-1
SWHC,21,1.0,21
PER,21,0.5238095238095238,11
EVER,21,0.42857142857142855,9
WFC,21,0.5238095238095238,11
IDEA,21,0.23809523809523808,5
QCOM,21,0.6190476190476191,13
STAY,21,0.14285714285714285,3
CO,20,0.6,12
ES,20,-0.7,-14
INVN,20,0.4,8
PM,20,0.7,14
GEVO,19,0.8947368421052632,17
FREE,19,-0.05263157894736842,-1
VIA,19,0.47368421052631576,9
OC,19,0.2631578947368421,5
EOD,18,0.2222222222222222,4
CEO,18,0.3333333333333333,6
PE,18,0.4444444444444444,8
BEAT,18,0.3333333333333333,6
DVAX,17,0.8823529411764706,15
XCO,17,0.5294117647058824,9
GAIN,17,0.5294117647058824,9
MON,17,0.4117647058823529,7
INTC,16,0.375,6
SE,16,0.0,0
DOW,16,0.0,0
BVSN,16,0.25,4
HA,16,0.625,10
GAME,16,0.625,10
VMW,16,0.0,0
AA,16,0.5,8
AIG,16,0.0,0
WIN,15,0.3333333333333333,5
RATE,15,-0.3333333333333333,-5
LEG,15,0.4666666666666667,7
RE,15,0.06666666666666667,1
WRAP,15,1.0,15
NEM,15,-0.8666666666666667,-13
KOS,15,0.4666666666666667,7
ROLL,15,-0.06666666666666667,-1
BOX,15,0.2,3
HES,14,0.7142857142857143,10
AFFY,14,0.5714285714285714,8
MGM,14,0.2857142857142857,4
NAME,14,0.5714285714285714,8
NKE,14,0.8571428571428571,12
FT,14,0.5714285714285714,8
MARK,14,0.5714285714285714,8
SA,14,-0.2857142857142857,-4
COH,14,-0.2857142857142857,-4
GAS,13,0.38461538461538464,5
KBH,13,0.38461538461538464,5
CMG,13,0.07692307692307693,1
BYD,13,0.6923076923076923,9
WYNN,13,0.23076923076923078,3
PPHM,13,-0.07692307692307693,-1
ISIS,13,0.07692307692307693,1
CA,13,0.6923076923076923,9
CSOD,12,1.0,12
CAME,12,-0.16666666666666666,-2
KO,12,0.5,6
AF,12,-0.6666666666666666,-8
TV,12,0.6666666666666666,8
ST,12,0.5,6
DNKN,12,1.0,12
OCN,12,0.6666666666666666,8
EC,12,0.3333333333333333,4
GME,12,0.3333333333333333,4
CEN,11,0.8181818181818182,9
FORM,11,0.2727272727272727,3
HF,11,-0.45454545454545453,-5
FDX,11,-0.2727272727272727,-3
FIND,11,-0.2727272727272727,-3
VHC,11,0.45454545454545453,5
ZAGG,11,-0.6363636363636364,-7
HD,11,0.8181818181818182,9
KWK,11,0.8181818181818182,9
CSCO,11,0.2727272727272727,3
MOMO,11,-0.45454545454545453,-5
ANAD,11,1.0,11
CTIC,11,0.6363636363636364,7
NX,11,0.45454545454545453,5
TECH,11,0.45454545454545453,5
KEX,11,0.45454545454545453,5
VZ,10,0.6,6
ABX,10,-0.2,-2
SIGN,10,-0.4,-4
CBMX,10,1.0,10
NOV,10,0.4,4
BA,10,0.0,0
WFM,10,-0.4,-4
TAP,10,0.0,0
MINI,10,0.6,6
MO,10,0.4,4
COG,10,-0.4,-4
BT,10,-0.2,-2
PX,10,0.8,8
AXP,9,0.7777777777777778,7
DEPO,9,-0.3333333333333333,-3
GM,9,-0.3333333333333333,-3
WEN,9,1.0,9
NS,9,-1.0,-9
DCTH,9,1.0,9
LOAN,9,-0.3333333333333333,-3
STO,9,0.7777777777777778,7
MAN,9,1.0,9
OVTI,9,0.1111111111111111,1
CARE,9,0.3333333333333333,3
BOOM,9,0.7777777777777778,7
ISG,9,-0.5555555555555556,-5
FNFG,9,-0.5555555555555556,-5
VIEW,9,0.1111111111111111,1
HBAN,8,0.0,0
ABT,8,0.5,4
GNC,8,1.0,8
DOOR,8,0.0,0
IDCC,8,1.0,8
TJX,8,0.75,6
THO,8,0.5,4
KCG,8,0.5,4
ENOC,8,0.75,6
ELSE,8,-0.25,-2
BODY,8,-0.25,-2
FLY,8,0.75,6
GROW,8,0.75,6
AMPE,8,0.0,0
PFE,8,0.75,6
TAX,8,0.0,0
TA,8,0.0,0
DIS,8,0.75,6
NP,8,-0.5,-4
MAS,8,0.5,4
CSX,8,0.75,6
APC,8,-0.25,-2
SODA,8,-0.25,-2
PEIX,8,1.0,8
TSO,8,0.0,0
HTZ,8,1.0,8
SNSS,8,0.0,0
SCCO,7,0.7142857142857143,5
AIR,7,-0.42857142857142855,-3
GDOT,7,1.0,7
GLAD,7,-0.14285714285714285,-1
FOUR,7,0.14285714285714285,1
ANTH,7,1.0,7
ADBE,7,-0.7142857142857143,-5
AEE,7,0.14285714285714285,1
EXP,7,0.42857142857142855,3
IO,7,-0.14285714285714285,-1
ICE,7,-0.7142857142857143,-5
IG,7,0.42857142857142855,3
MCD,7,0.42857142857142855,3
ODP,7,-0.14285714285714285,-1
EQIX,7,1.0,7
JOB,7,0.14285714285714285,1
CC,7,0.7142857142857143,5
PHM,7,0.14285714285714285,1
PLUS,7,0.7142857142857143,5
SAVE,7,0.42857142857142855,3
SCHW,7,1.0,7
BLUE,7,0.42857142857142855,3
BK,7,0.7142857142857143,5
SQNM,7,1.0,7
UPS,7,1.0,7
ASGN,7,1.0,7
ATHX,7,0.7142857142857143,5
AST,7,0.14285714285714285,1
TTM,7,-0.42857142857142855,-3
APA,7,0.7142857142857143,5
TS,7,0.7142857142857143,5
SM,7,0.14285714285714285,1
MIND,7,-0.14285714285714285,-1
BABY,7,0.7142857142857143,5
STDY,7,0.42857142857142855,3
MNKD,7,1.0,7
MOV,7,0.14285714285714285,1
DGI,7,0.7142857142857143,5
XONE,7,1.0,7
FUN,7,-0.14285714285714285,-1
ACAD,6,1.0,6
AMTD,6,0.3333333333333333,2
WAKE,6,0.6666666666666666,4
AMD,6,0.3333333333333333,2
DKS,6,-0.6666666666666666,-4
DK,6,1.0,6
DDS,6,-0.6666666666666666,-4
COOL,6,1.0,6
PG,6,0.6666666666666666,4
NANO,6,1.0,6
EA,6,0.3333333333333333,2
ONVO,6,1.0,6
PB,6,0.0,0
PCYC,6,1.0,6
CIEN,6,-1.0,-6
INT,6,0.3333333333333333,2
INFN,6,0.6666666666666666,4
CAM,6,0.3333333333333333,2
INFI,6,1.0,6
TM,6,-0.3333333333333333,-2
AXN,6,0.3333333333333333,2
TX,6,1.0,6
TOPS,6,0.0,0
HI,6,0.3333333333333333,2
FIRM,6,0.0,0
FIVE,6,0.6666666666666666,4
FFIV,6,-0.3333333333333333,-2
AON,6,0.6666666666666666,4
TRUE,6,0.0,0
ANF,6,-0.3333333333333333,-2
AEG,6,0.6666666666666666,4
CAR,6,0.3333333333333333,2
OAS,6,0.6666666666666666,4
DVA,6,1.0,6
SCTY,6,1.0,6
KS,6,0.3333333333333333,2
JNP,6,1.0,6
SB,6,0.6666666666666666,4
JVA,6,1.0,6
NOK,5,-1.0,-5
NSPH,5,0.6,3
MDSO,5,1.0,5
AL,5,0.6,3
VFC,5,0.2,1
WAYS,5,0.2,1
WALK,5,-0.2,-1
AMH,5,-0.2,-1
ZGNX,5,1.0,5
HP,5,0.2,1
UN,5,0.6,3
TWX,5,0.6,3
ASKED,5,0.2,1
FAF,5,0.6,3
EXPE,5,0.6,3
INO,5,0.2,1
SHIP,5,-0.6,-3
HT,5,0.2,1
ADM,5,1.0,5
WINS,5,0.6,3
IAG,5,-1.0,-5
AXTI,5,1.0,5
TIL,5,0.6,3
BBBY,5,0.6,3
EYES,5,0.6,3
PETM,5,-1.0,-5
REPO,5,-0.6,-3
EMN,5,0.6,3
BKS,5,0.6,3
SIX,5,-0.2,-1
WNC,5,0.6,3
CYTX,5,-0.2,-1
GE,5,0.2,1
MNK,5,1.0,5
AI,5,-0.6,-3
AKAM,5,-0.2,-1
NFLX,5,0.2,1
CBI,5,1.0,5
OPXA,5,1.0,5
CB,5,-0.6,-3
EOG,5,1.0,5
ERIC,5,0.6,3
SKX,5,0.2,1
HOV,5,0.6,3
EVC,5,0.6,3
EV,5,1.0,5
EW,5,0.6,3
HUM,5,0.6,3
SBI,5,0.2,1
ROSE,5,-0.2,-1
RARE,5,0.2,1
REV,5,-0.2,-1
DMND,5,0.2,1
DOV,5,1.0,5
DPZ,5,1.0,5
PEP,5,0.6,3
SORT,5,0.6,3
STAR,5,-0.2,-1
GEO,4,1.0,4
GB,4,1.0,4
WCG,4,1.0,4
ALLY,4,0.5,2
AKS,4,-1.0,-4
GNW,4,0.5,2
MT,4,0.5,2
WTW,4,-1.0,-4
XOM,4,0.5,2
XXIA,4,1.0,4
MOJO,4,1.0,4
MNST,4,-0.5,-2
MOS,4,0.5,2
DATE,4,-0.5,-2
NAV,4,0.0,0
PF,4,0.0,0
NAN,4,1.0,4
NAT,4,0.0,0
MET,4,0.0,0
NSM,4,0.5,2
CW,4,0.5,2
CORE,4,0.0,0
SANW,4,1.0,4
SC,4,0.5,2
BSX,4,1.0,4
BTO,4,0.0,0
ROCK,4,1.0,4
EDGE,4,0.5,2
EDS,4,1.0,4
CAI,4,0.0,0
EAT,4,0.0,0
ECA,4,1.0,4
CENT,4,1.0,4
MEA,4,0.0,0
OMEX,4,1.0,4
OII,4,0.5,2
ONTY,4,1.0,4
MCHP,4,1.0,4
CBS,4,0.5,2
PKG,4,1.0,4
SELF,4,1.0,4
RES,4,1.0,4
SEV,4,1.0,4
SALE,4,0.0,0
KKD,4,1.0,4
JOE,4,1.0,4
SNFCA,4,0.5,2
SPIN,4,-0.5,-2
STX,4,1.0,4
STI,4,1.0,4
JNJ,4,1.0,4
TEX,4,1.0,4
ATVI,4,-0.5,-2
AYI,4,-1.0,-4
SHO,4,-0.5,-2
SINA,4,0.5,2
ETFC,4,1.0,4
IND,4,0.0,0
BBG,4,0.0,0
BCEI,4,1.0,4
TPX,4,-1.0,-4
TIVO,4,1.0,4
STEM,4,1.0,4
HOG,4,0.5,2
ANIK,4,1.0,4
ANGI,4,1.0,4
TUES,4,0.0,0
TYPE,4,1.0,4
ARRY,4,0.5,2
TRIP,4,1.0,4
GT,4,0.5,2
HCA,4,1.0,4
FIX,4,0.0,0
HEAR,4,1.0,4
GPS,4,0.0,0
ZION,4,0.5,2
ZIOP,4,1.0,4
ZOOM,4,0.0,0
ADS,3,0.3333333333333333,1
AMWD,3,1.0,3
ANAC,3,-1.0,-3
VMI,3,0.3333333333333333,1
WAL,3,-1.0,-3
ZERO,3,0.3333333333333333,1
FUEL,3,-1.0,-3
XEC,3,-1.0,-3
FTI,3,1.0,3
GIS,3,0.3333333333333333,1
TIF,3,1.0,3
APPS,3,1.0,3
ATHN,3,0.3333333333333333,1
ATI,3,-0.3333333333333333,-1
TD,3,0.3333333333333333,1
TE,3,0.3333333333333333,1
SZYM,3,1.0,3
BC,3,1.0,3
SONC,3,0.3333333333333333,1
SONS,3,1.0,3
SPEC,3,0.3333333333333333,1
STT,3,1.0,3
SKY,3,1.0,3
SWFT,3,1.0,3
SWKS,3,1.0,3
SNTA,3,0.3333333333333333,1
BIIB,3,0.3333333333333333,1
SCM,3,-1.0,-3
BSFT,3,0.3333333333333333,1
CAE,3,-1.0,-3
PQ,3,0.3333333333333333,1
PXD,3,-0.3333333333333333,-1
SAN,3,1.0,3
CAPS,3,-1.0,-3
POOL,3,1.0,3
CIE,3,-0.3333333333333333,-1
CAS,3,0.3333333333333333,1
GV,3,1.0,3
CLIFF,3,-1.0,-3
COO,3,0.3333333333333333,1
COP,3,1.0,3
CODE,3,-0.3333333333333333,-1
COF,3,1.0,3
OB,3,-0.3333333333333333,-1
NTI,3,0.3333333333333333,1
PAAS,3,0.3333333333333333,1
PEG,3,1.0,3
CPB,3,-0.3333333333333333,-1
PANW,3,0.3333333333333333,1
NPSP,3,-0.3333333333333333,-1
CTXS,3,0.3333333333333333,1
DHI,3,0.3333333333333333,1
DISH,3,0.3333333333333333,1
MSG,3,0.3333333333333333,1
MSI,3,0.3333333333333333,1
NE,3,1.0,3
MMM,3,0.3333333333333333,1
MED,3,-0.3333333333333333,-1
MHK,3,-0.3333333333333333,-1
MHO,3,0.3333333333333333,1
MIDD,3,1.0,3
MITK,3,1.0,3
CYH,3,0.3333333333333333,1
DAKT,3,-0.3333333333333333,-1
MBI,3,0.3333333333333333,1
DASTY,3,1.0,3
HFC,3,1.0,3
HHC,3,1.0,3
GUT,3,1.0,3
MAIN,3,-0.3333333333333333,-1
JCOM,3,1.0,3
JEC,3,1.0,3
ECHO,3,1.0,3
MCO,3,-0.3333333333333333,-1
JMBA,3,1.0,3
JOY,3,-0.3333333333333333,-1
LOCK,3,1.0,3
KSS,3,0.3333333333333333,1
KTOS,3,-0.3333333333333333,-1
LIFE,3,0.3333333333333333,1
JAZZ,3,1.0,3
JBHT,3,-0.3333333333333333,-1
EGN,3,-0.3333333333333333,-1
ITLL,3,1.0,3
ESD,3,-1.0,-3
ESS,3,-0.3333333333333333,-1
ESSX,3,-0.3333333333333333,-1
FAV,3,0.3333333333333333,1
FCFS,3,1.0,3
ACT,3,-0.3333333333333333,-1
AGNC,3,1.0,3
ADX,3,1.0,3
AEP,3,0.3333333333333333,1
AG,3,1.0,3
WK,3,1.0,3
TWI,3,1.0,3
TXN,3,1.0,3
TY,3,-0.3333333333333333,-1
ADSK,3,1.0,3
TSCO,2,1.0,2
TSLA,2,1.0,2
TINY,2,1.0,2
GNTX,2,1.0,2
GPX,2,1.0,2
GEN,2,1.0,2
GG,2,-1.0,-2
GI,2,1.0,2
YUM,2,0.0,0
FTNT,2,1.0,2
WTI,2,1.0,2
WIT,2,1.0,2
WMB,2,1.0,2
AGCO,2,1.0,2
AGN,2,1.0,2
AET,2,1.0,2
ACTG,2,0.0,0
ACTS,2,0.0,0
HERO,2,0.0,0
INFO,2,1.0,2
ING,2,1.0,2
EXAS,2,1.0,2
TEAM,2,1.0,2
TEAR,2,1.0,2
TEN,2,1.0,2
TACT,2,1.0,2
TAT,2,1.0,2
ASNA,2,-1.0,-2
ATE,2,0.0,0
AP,2,0.0,0
APOG,2,1.0,2
TOL,2,0.0,0
SUN,2,1.0,2
SP,2,1.0,2
AXE,2,1.0,2
AWK,2,1.0,2
EXC,2,0.0,0
EZCH,2,-1.0,-2
FBHS,2,1.0,2
III,2,1.0,2
ELON,2,1.0,2
EMC,2,1.0,2
EMIS,2,0.0,0
JCI,2,1.0,2
EDMC,2,1.0,2
BEAV,2,1.0,2
BECN,2,-1.0,-2
BEN,2,0.0,0
BGCP,2,1.0,2
SNA,2,-1.0,-2
SNDK,2,0.0,0
SIR,2,1.0,2
SIRI,2,-1.0,-2
SWC,2,1.0,2
SXC,2,1.0,2
SYK,2,1.0,2
SGI,2,0.0,0
SGMO,2,1.0,2
SGY,2,0.0,0
SHW,2,1.0,2
BP,2,0.0,0
BOOT,2,0.0,0
BIN,2,1.0,2
BIOS,2,1.0,2
BMO,2,0.0,0
JACK,2,1.0,2
JASO,2,1.0,2
IP,2,1.0,2
ITG,2,1.0,2
LIVE,2,1.0,2
LPG,2,1.0,2
LAND,2,0.0,0
SAM,2,0.0,0
RACE,2,0.0,0
RELY,2,1.0,2
RENT,2,0.0,0
PSX,2,-1.0,-2
PURE,2,0.0,0
PW,2,1.0,2
PZZA,2,0.0,0
PPS,2,1.0,2
PPT,2,0.0,0
CALM,2,0.0,0
SEM,2,-1.0,-2
SEP,2,0.0,0
GTE,2,1.0,2
CI,2,1.0,2
CBK,2,1.0,2
CCI,2,1.0,2
CECO,2,0.0,0
PPC,2,1.0,2
PII,2,1.0,2
PIM,2,1.0,2
PKI,2,1.0,2
PLUG,2,0.0,0
YGE,2,1.0,2
FNF,2,1.0,2
FONR,2,1.0,2
FORD,2,1.0,2
FOX,2,1.0,2
FI,2,1.0,2
FISH,2,0.0,0
FIT,2,1.0,2
GY,2,0.0,0
FEIC,2,1.0,2
EOC,2,0.0,0
ERA,2,1.0,2
MCS,2,1.0,2
MD,2,1.0,2
DV,2,0.0,0
EARN,2,0.0,0
EBIX,2,0.0,0
DMD,2,0.0,0
DNB,2,0.0,0
DPS,2,1.0,2
DSCO,2,1.0,2
DST,2,-1.0,-2
DTV,2,1.0,2
MAC,2,0.0,0
MACK,2,1.0,2
OPK,2,0.0,0
PETS,2,-1.0,-2
COMM,2,0.0,0
CME,2,1.0,2
CNK,2,-1.0,-2
CSC,2,1.0,2
NIHD,2,1.0,2
NJ,2,0.0,0
CP,2,1.0,2
IDTI,2,1.0,2
IEP,2,1.0,2
IHS,2,0.0,0
HR,2,0.0,0
HSBC,2,-1.0,-2
HZNP,2,1.0,2
HIG,2,-1.0,-2
HEAT,2,1.0,2
MC,2,0.0,0
MWIV,2,1.0,2
MTB,2,1.0,2
DG,2,1.0,2
MNTA,2,0.0,0
MORN,2,-1.0,-2
MPC,2,1.0,2
CVT,2,1.0,2
CVX,2,0.0,0
CWST,2,1.0,2
CWT,2,1.0,2
CVA,2,1.0,2
DB,2,1.0,2
DCIX,2,0.0,0
CYBX,2,1.0,2
MEET,2,-1.0,-2
MENT,2,1.0,2
NBS,2,1.0,2
NDAQ,2,1.0,2
MTZ,2,-1.0,-2
AC,2,1.0,2
ABCD,2,-1.0,-2
WDC,2,1.0,2
WAC,2,0.0,0
WBMD,2,1.0,2
VMC,2,1.0,2
VOC,2,1.0,2
AMC,2,1.0,2
TW,2,1.0,2
VET,2,0.0,0
VG,2,1.0,2
TWC,2,0.0,0
VA,2,1.0,2
TTI,2,1.0,2
TTMI,2,1.0,2
TTS,2,0.0,0
WIL,2,0.0,0
WISH,2,1.0,2
TUBE,1,1.0,1
TTNP,1,1.0,1
TTWO,1,1.0,1
VOD,1,1.0,1
ACM,1,1.0,1
AMAT,1,1.0,1
TZOO,1,1.0,1
UBS,1,-1.0,-1
VAC,1,1.0,1
ATR,1,1.0,1
VC,1,1.0,1
VGZ,1,1.0,1
AIXG,1,-1.0,-1
AIZ,1,1.0,1
ALOT,1,-1.0,-1
AMSF,1,1.0,1
AMBS,1,1.0,1
INKS,1,1.0,1
INST,1,1.0,1
INVE,1,1.0,1
AFFX,1,1.0,1
ACW,1,1.0,1
ADI,1,1.0,1
ADNC,1,1.0,1
HEOP,1,-1.0,-1
ASH,1,1.0,1
TEO,1,-1.0,-1
TER,1,-1.0,-1
TGH,1,1.0,1
ATW,1,1.0,1
AV,1,1.0,1
FDO,1,1.0,1
ININ,1,1.0,1
TSN,1,1.0,1
ANGO,1,-1.0,-1
AOS,1,-1.0,-1
TAS,1,-1.0,-1
TAXI,1,1.0,1
TBI,1,1.0,1
ASC,1,1.0,1
ASFI,1,-1.0,-1
APH,1,1.0,1
TOPPY,1,-1.0,-1
TOT,1,1.0,1
TOUR,1,-1.0,-1
TOWN,1,-1.0,-1
TRI,1,1.0,1
ASM,1,1.0,1
TSM,1,1.0,1
CUZ,1,-1.0,-1
CVE,1,-1.0,-1
CVI,1,1.0,1
CVM,1,1.0,1
MRGE,1,1.0,1
CWBC,1,1.0,1
NPBC,1,1.0,1
MTH,1,1.0,1
DDAIF,1,1.0,1
DEAR,1,-1.0,-1
DEO,1,-1.0,-1
DF,1,1.0,1
CX,1,-1.0,-1
NQ,1,-1.0,-1
CTX,1,1.0,1
CUR,1,-1.0,-1
CXW,1,1.0,1
CYCC,1,1.0,1
DAN,1,1.0,1
DANG,1,1.0,1
MGN,1,1.0,1
MINE,1,-1.0,-1
MJN,1,1.0,1
DD,1,1.0,1
NFG,1,1.0,1
NGG,1,-1.0,-1
MUC,1,1.0,1
MDP,1,1.0,1
MDT,1,1.0,1
MEI,1,1.0,1
MEN,1,1.0,1
MGIC,1,1.0,1
HSNI,1,-1.0,-1
HSY,1,1.0,1
MAT,1,1.0,1
MBFI,1,1.0,1
GTXI,1,1.0,1
IACI,1,-1.0,-1
IBCP,1,1.0,1
IBN,1,-1.0,-1
HTA,1,1.0,1
HWAY,1,1.0,1
HIBB,1,-1.0,-1
HILL,1,-1.0,-1
HIMX,1,1.0,1
HMC,1,1.0,1
IHT,1,-1.0,-1
HOS,1,1.0,1
MRK,1,-1.0,-1
MSEX,1,1.0,1
HOMB,1,1.0,1
FSC,1,1.0,1
HCI,1,1.0,1
HDB,1,1.0,1
HEB,1,1.0,1
HEMP,1,1.0,1
MTW,1,1.0,1
MTX,1,1.0,1
MOH,1,-1.0,-1
MVG,1,-1.0,-1
MWW,1,-1.0,-1
MYE,1,1.0,1
MYGN,1,-1.0,-1
NAVB,1,1.0,1
CRI,1,-1.0,-1
CSIQ,1,-1.0,-1
CSPI,1,1.0,1
CSS,1,-1.0,-1
CTT,1,1.0,1
CMI,1,1.0,1
CNDO,1,1.0,1
CNET,1,1.0,1
OSTK,1,1.0,1
NGS,1,1.0,1
NGVC,1,1.0,1
NHI,1,-1.0,-1
NNI,1,-1.0,-1
PAC,1,-1.0,-1
CPE,1,1.0,1
CPSS,1,1.0,1
OME,1,-1.0,-1
PACB,1,1.0,1
PACE,1,1.0,1
PARA,1,-1.0,-1
PAYX,1,1.0,1
PERF,1,1.0,1
OSG,1,1.0,1
OSK,1,1.0,1
IDA,1,1.0,1
OTEX,1,1.0,1
OXGN,1,1.0,1
OXY,1,1.0,1
OZM,1,-1.0,-1
OGE,1,-1.0,-1
OKE,1,1.0,1
OMAB,1,1.0,1
DTK,1,1.0,1
LULU,1,-1.0,-1
DYNT,1,1.0,1
EAD,1,-1.0,-1
EAST,1,1.0,1
DOX,1,-1.0,-1
MCA,1,1.0,1
MCBC,1,1.0,1
PGTI,1,1.0,1
ONCY,1,1.0,1
ONNN,1,1.0,1
ONP,1,-1.0,-1
NSC,1,1.0,1
NTAP,1,-1.0,-1
NTES,1,1.0,1
NVAX,1,1.0,1
COKE,1,1.0,1
CMGO,1,1.0,1
NYNY,1,1.0,1
NYT,1,1.0,1
COR,1,-1.0,-1
PFMT,1,1.0,1
PGH,1,1.0,1
PGNX,1,1.0,1
CNQ,1,1.0,1
CNX,1,1.0,1
CII,1,-1.0,-1
CITY,1,1.0,1
PHI,1,-1.0,-1
PHIL,1,-1.0,-1
COB,1,1.0,1
COIL,1,1.0,1
FIED,1,1.0,1
CJES,1,1.0,1
CLD,1,1.0,1
CLUB,1,1.0,1
XRX,1,1.0,1
FMX,1,1.0,1
FNGN,1,1.0,1
PIP,1,1.0,1
FISV,1,1.0,1
FLEW,1,-1.0,-1
FLUX,1,1.0,1
FMD,1,-1.0,-1
HAIN,1,1.0,1
HAYN,1,1.0,1
FNSR,1,1.0,1
FOE,1,1.0,1
ECT,1,1.0,1
HBI,1,1.0,1
FE,1,-1.0,-1
FET,1,1.0,1
GRA,1,1.0,1
GREW,1,-1.0,-1
GSK,1,-1.0,-1
GST,1,-1.0,-1
MCK,1,1.0,1
DVN,1,1.0,1
DXPE,1,1.0,1
KIO,1,1.0,1
ENT,1,1.0,1
ENVI,1,1.0,1
ENZN,1,1.0,1
EPIQ,1,-1.0,-1
PSTI,1,1.0,1
PWE,1,-1.0,-1
QEP,1,1.0,1
QGEN,1,1.0,1
PPG,1,-1.0,-1
RAX,1,1.0,1
RBA,1,-1.0,-1
RM,1,1.0,1
CMCSA,1,1.0,1
CGI,1,1.0,1
CHDN,1,1.0,1
CHE,1,1.0,1
CHMT,1,1.0,1
PRO,1,1.0,1
PROP,1,-1.0,-1
PSO,1,-1.0,-1
POPE,1,1.0,1
POT,1,1.0,1
CHOP,1,1.0,1
CHY,1,1.0,1
CBIS,1,1.0,1
CBOE,1,-1.0,-1
GSVC,1,1.0,1
CMCO,1,-1.0,-1
PKT,1,1.0,1
PN,1,-1.0,-1
PNF,1,1.0,1
CENX,1,-1.0,-1
CEOS,1,-1.0,-1
PNK,1,1.0,1
PNRA,1,-1.0,-1
PODD,1,1.0,1
IQNT,1,1.0,1
ISLE,1,1.0,1
ISRG,1,1.0,1
LEVY,1,-1.0,-1
EFT,1,-1.0,-1
EGOV,1,1.0,1
ITT,1,-1.0,-1
IVAN,1,1.0,1
LITE,1,-1.0,-1
LNKD,1,1.0,1
KKR,1,-1.0,-1
KMB,1,1.0,1
KOOL,1,1.0,1
IPG,1,1.0,1
IPGP,1,1.0,1
IPHI,1,1.0,1
LE,1,-1.0,-1
LEA,1,1.0,1
JIVE,1,1.0,1
JP,1,-1.0,-1
JWN,1,-1.0,-1
KATE,1,1.0,1
KB,1,1.0,1
LINK,1,1.0,1
ROTH,1,1.0,1
SAAS,1,1.0,1
SAFM,1,-1.0,-1
SAFT,1,-1.0,-1
SAIA,1,1.0,1
SAND,1,1.0,1
SANM,1,1.0,1
QSII,1,1.0,1
SYNC,1,1.0,1
SYNT,1,1.0,1
SYX,1,1.0,1
SSY,1,-1.0,-1
STJ,1,-1.0,-1
STKS,1,1.0,1
SIMO,1,-1.0,-1
SIVE,1,1.0,1
CAKE,1,1.0,1
BPOP,1,1.0,1
BPZ,1,1.0,1
BRO,1,-1.0,-1
SGEN,1,1.0,1
BX,1,-1.0,-1
BZH,1,1.0,1
CAB,1,1.0,1
SBAC,1,1.0,1
SBGI,1,1.0,1
SCI,1,-1.0,-1
SCMP,1,-1.0,-1
SCSS,1,1.0,1
CACI,1,1.0,1
CAF,1,1.0,1
CAH,1,1.0,1
JAH,1,1.0,1
BONT,1,-1.0,-1
BHP,1,-1.0,-1
BIO,1,1.0,1
BLK,1,1.0,1
BSE,1,1.0,1
BTE,1,1.0,1
BWS,1,-1.0,-1
ETF,1,1.0,1
ETN,1,1.0,1
EVI,1,1.0,1
EWBC,1,1.0,1
IMI,1,1.0,1
IMN,1,1.0,1
IMS,1,-1.0,-1
EZPW,1,1.0,1
ECYT,1,-1.0,-1
EE,1,1.0,1
EFC,1,1.0,1
INAP,1,1.0,1
INFA,1,-1.0,-1
ESI,1,1.0,1
EGY,1,1.0,1
EL,1,1.0,1
BDC,1,1.0,1
BMS,1,-1.0,-1
BDN,1,1.0,1
BEBE,1,1.0,1
BGMD,1,1.0,1
ENB,1,1.0,1
ENDP,1,1.0,1
ENI,1,1.0,1
SJM,1,1.0,1
SJW,1,1.0,1
SKIS,1,-1.0,-1
BGS,1,1.0,1
SNE,1,-1.0,-1
BCH,1,1.0,1
BCO,1,1.0,1
BDBD,1,-1.0,-1
SOUP,1,1.0,1
STXS,1,-1.0,-1
SUP,1,1.0,1
SVU,1,1.0,1
SPPI,1,1.0,1
SQI,1,-1.0,-1
SSI,1,1.0,1
SSN,1,1.0,1
BBVA,1,-1.0,-1
BCC,1,1.0,1
SSS,1,1.0,1
SSTK,1,-1.0,-1
SSW,1,1.0,1
BMY,1,1.0,1
BOFI,1,1.0,1
SOFT,1,1.0,1
AWI,1,1.0,1
AXAS,1,-1.0,-1
AXDX,1,-1.0,-1
SPA,1,1.0,1
AXS,1,-1.0,-1
BAS,1,1.0,1
BAX,1,1.0,1
BBT,1,1.0,1
FBC,1,1.0,1
FCF,1,1.0,1
ESP,1,-1.0,-1
ESRX,1,1.0,1
AVAV,1,1.0,1
AVNW,1,1.0,1
AVP,1,1.0,1
AVY,1,1.0,1
GMED,1,1.0,1
GNMK,1,1.0,1
GOVX,1,1.0,1
THC,1,1.0,1
TITN,1,-1.0,-1
TK,1,1.0,1
TKC,1,1.0,1
AMCX,1,1.0,1
GES,1,-1.0,-1
GF,1,1.0,1
GFF,1,1.0,1
GFI,1,1.0,1
GGP,1,1.0,1
ACHC,1,1.0,1
GIG,1,1.0,1
GMAN,1,-1.0,-1
ACHN,1,1.0,1
AFG,1,-1.0,-1
AFSI,1,-1.0,-1
YZC,1,1.0,1
ACCO,1,-1.0,-1
FTD,1,1.0,1
GATA,1,-1.0,-1
WYN,1,1.0,1
AGIN,1,1.0,1
WIFI,1,1.0,1
ADTN,1,-1.0,-1
AEM,1,1.0,1
AEO,1,1.0,1
AEZS,1,1.0,1
WOOF,1,-1.0,-1
WPC,1,-1.0,-1
XRAY,1,1.0,1
TMH,1,-1.0,-1
TMO,1,1.0,1
ZAZA,1,1.0,1
ABMD,1,1.0,1
NC,1,1.0,1
NEOG,1,1.0,1
NEV,1,1.0,1
ZMH,1,1.0,1
ABC,1,1.0,1
ABBV,1,1.0,1
WD,1,-1.0,-1
WEB,1,1.0,1
WEC,1,1.0,1
WYY,1,1.0,1
XOMA,1,1.0,1
WSM,1,1.0,1
WETF,1,1.0,1
WF,1,1.0,1
WG,1,-1.0,-1
WGO,1,1.0,1
VRNG,1,1.0,1
VSAT,1,1.0,1
WAGE,1,1.0,1
AMGN,1,1.0,1
AMP,1,1.0,1
AMS,1,-1.0,-1
AMSC,1,1.0,1
WAT,1,1.0,1
WB,1,1.0,1
VNO,1,-1.0,-1
VOXX,1,1.0,1
